traffic,year
931.200928711,2015
1266.78312221,2016
1427.66237639,2017
1749.67154256,2018
2281.86954205,2019
3000.1176987,2020
